node_id,ue_idx,rnti,distance_m
0,1,3891,54.484528
1,2,889,79.456888
2,3,890,70.486955
3,4,891,61.714398
4,5,892,76.875034
5,6,3892,62.229458
