node_id,ue_idx,rnti,distance_m
0,1,2468,54.484528
1,2,2469,79.456888
2,3,2470,70.486955
3,4,3686,61.714398
4,5,887,76.875034
5,6,888,62.229458
