node_id,ue_idx,rnti,distance_m
0,1,2995,54.484528
1,2,2996,79.456888
2,3,889,70.486955
3,4,890,61.714398
4,5,891,76.875034
5,6,3261,62.229458
