node_id,ue_idx,rnti,distance_m
0,1,1413,54.484528
1,2,1414,79.456888
2,3,3850,70.486955
3,4,888,61.714398
4,5,889,76.875034
5,6,890,62.229458
